<?xml version="1.0" encoding="utf-8" ?>
<!--********** Copyright 2016 Roku Corp.  All Rights Reserved. **********-->

<!-- node - description of the content item -->
<component name="Description" extends="LayoutGroup">
  <children>
    <Label
      id="Title"
      color="0xFFFFFF"
      text=""/>

    

    <Label
      id="Description"
      color="0xFFFFFF"
      wrap="true"
      width="1120"
      height="145"
      lineSpacing="7"
      text=""/>
  </children>

  <interface>
    <!-- Alias to Title label -->
    <field id="Title"           type="node" alias=""/>

    <!-- Alias to Description label -->
    <field id="Description"     type="node" alias=""/>

    <!-- Alias to StarRating label -->
    <field id="StarRating"      type="node" alias=""/>

    <!-- Alias to UserStarRating label -->
    <field id="UserStarRating"  type="node" alias=""/>

    

    <!-- Content node -->
    <field id="Content"     type="node" onChange="OnContentChanged"/>
  </interface>

  <!-- main handler -->
  <script type="text/brightscript" uri="pkg:/components/DetailsScreen/Description/Description.brs" />

</component>
